tier,start_ms,end_ms,label
LEFT_HUMAN_ANNOTATION,617,1534,SIGNING
LEFT_HUMAN_ANNOTATION,17534,18068,SIGNING
LEFT_HUMAN_ANNOTATION,22839,23656,SIGNING
LEFT_HUMAN_ANNOTATION,26292,27093,SIGNING
LEFT_HUMAN_ANNOTATION,27310,28111,SIGNING
LEFT_HUMAN_ANNOTATION,28411,29062,SIGNING
LEFT_HUMAN_ANNOTATION,29329,29646,SIGNING
LEFT_HUMAN_ANNOTATION,34117,35018,SIGNING
LEFT_HUMAN_ANNOTATION,37837,39406,SIGNING
LEFT_HUMAN_ANNOTATION,39806,39989,SIGNING
LEFT_HUMAN_ANNOTATION,43760,44511,SIGNING
LEFT_HUMAN_ANNOTATION,44894,46930,SIGNING
LEFT_HUMAN_ANNOTATION,47964,49866,SIGNING
LEFT_HUMAN_ANNOTATION,50767,53336,SIGNING
LEFT_HUMAN_ANNOTATION,54371,55055,SIGNING
LEFT_HUMAN_ANNOTATION,59175,59993,SIGNING
LEFT_HUMAN_ANNOTATION,60677,61294,SIGNING
LEFT_HUMAN_ANNOTATION,61978,62629,SIGNING
LEFT_HUMAN_ANNOTATION,62912,63663,SIGNING
LEFT_HUMAN_ANNOTATION,63813,64381,SIGNING
LEFT_HUMAN_ANNOTATION,66383,67033,SIGNING
LEFT_HUMAN_ANNOTATION,68935,70086,SIGNING
LEFT_HUMAN_ANNOTATION,70987,71438,SIGNING
LEFT_HUMAN_ANNOTATION,80497,81264,SIGNING
LEFT_HUMAN_ANNOTATION,81848,82949,SIGNING
LEFT_HUMAN_ANNOTATION,95862,99165,SIGNING
LEFT_HUMAN_ANNOTATION,102302,103953,SIGNING
LEFT_HUMAN_ANNOTATION,106956,107357,SIGNING
LEFT_HUMAN_ANNOTATION,108224,108558,SIGNING
LEFT_HUMAN_ANNOTATION,111011,111728,SIGNING
LEFT_HUMAN_ANNOTATION,113663,114280,SIGNING
LEFT_HUMAN_ANNOTATION,115065,116132,SIGNING
LEFT_HUMAN_ANNOTATION,116666,117067,SIGNING
LEFT_HUMAN_ANNOTATION,117384,117884,SIGNING
LEFT_HUMAN_ANNOTATION,119019,121855,SIGNING
LEFT_HUMAN_ANNOTATION,122839,123656,SIGNING
LEFT_HUMAN_ANNOTATION,125358,125875,SIGNING
LEFT_HUMAN_ANNOTATION,127544,128178,SIGNING
LEFT_HUMAN_ANNOTATION,133683,136269,SIGNING
LEFT_HUMAN_ANNOTATION,139806,140323,SIGNING
LEFT_HUMAN_ANNOTATION,142759,144644,SIGNING
LEFT_HUMAN_ANNOTATION,150650,153053,SIGNING
LEFT_HUMAN_ANNOTATION,154587,155455,SIGNING
LEFT_HUMAN_ANNOTATION,157207,157691,SIGNING
LEFT_HUMAN_ANNOTATION,159075,161177,SIGNING
LEFT_HUMAN_ANNOTATION,171504,174774,SIGNING
LEFT_HUMAN_ANNOTATION,177877,179062,SIGNING
LEFT_HUMAN_ANNOTATION,179646,180780,SIGNING
LEFT_HUMAN_ANNOTATION,189055,190690,SIGNING
LEFT_HUMAN_ANNOTATION,192859,193526,SIGNING
LEFT_HUMAN_ANNOTATION,208541,211094,SIGNING
LEFT_HUMAN_ANNOTATION,213079,213630,SIGNING
LEFT_HUMAN_ANNOTATION,215732,216533,SIGNING
LEFT_HUMAN_ANNOTATION,218001,220103,SIGNING
LEFT_HUMAN_ANNOTATION,220437,221721,SIGNING
LEFT_HUMAN_ANNOTATION,224758,225358,SIGNING
LEFT_HUMAN_ANNOTATION,226926,227844,SIGNING
LEFT_HUMAN_ANNOTATION,230196,230814,SIGNING
LEFT_HUMAN_ANNOTATION,231398,232232,SIGNING
LEFT_HUMAN_ANNOTATION,235902,237787,SIGNING
LEFT_HUMAN_ANNOTATION,239572,240173,SIGNING
LEFT_HUMAN_ANNOTATION,240740,241374,SIGNING
LEFT_HUMAN_ANNOTATION,243360,246463,SIGNING
LEFT_HUMAN_ANNOTATION,247447,248048,SIGNING
LEFT_HUMAN_ANNOTATION,248231,249332,SIGNING
LEFT_HUMAN_ANNOTATION,249816,250884,SIGNING
LEFT_HUMAN_ANNOTATION,253920,255455,SIGNING
LEFT_HUMAN_ANNOTATION,256222,258241,SIGNING
LEFT_HUMAN_ANNOTATION,260410,265582,SIGNING
LEFT_HUMAN_ANNOTATION,266299,267033,SIGNING
LEFT_HUMAN_ANNOTATION,270904,273373,SIGNING
LEFT_HUMAN_ANNOTATION,278411,279362,SIGNING
LEFT_HUMAN_ANNOTATION,279763,280480,SIGNING
LEFT_HUMAN_ANNOTATION,281815,282232,SIGNING
LEFT_HUMAN_ANNOTATION,283116,284100,SIGNING
LEFT_HUMAN_ANNOTATION,287971,290240,SIGNING
LEFT_HUMAN_ANNOTATION,290807,295578,SIGNING
RIGHT_HUMAN_ANNOTATION,934,2936,SIGNING
RIGHT_HUMAN_ANNOTATION,20970,21287,SIGNING
RIGHT_HUMAN_ANNOTATION,21771,53336,SIGNING
RIGHT_HUMAN_ANNOTATION,54070,63213,SIGNING
RIGHT_HUMAN_ANNOTATION,63780,183249,SIGNING
RIGHT_HUMAN_ANNOTATION,188571,293727,SIGNING
RIGHT_HUMAN_ANNOTATION,294678,295261,SIGNING
